Date,Username,User tag,Content,Mentions,link
"2022-04-13,14:48:00",leo7.,#0,.....,,
"2022-04-13,14:48:01",leo7.,#0,1,,
"2022-04-14,13:02:01",leo7.,#0,2,,
"2022-04-15,10:08:06",leo7.,#0,3,,
"2022-04-16,02:08:10",leo7.,#0,4,,
"2022-04-17,00:03:12",leo7.,#0,5,,
"2022-04-18,10:15:38",leo7.,#0,6,,
"2022-04-19,09:59:00",leo7.,#0,7,,
"2022-04-20,03:31:11",leo7.,#0,8,,
"2022-04-21,07:24:32",leo7.,#0,9,,
"2022-04-22,08:35:28",leo7.,#0,10,,
"2022-04-23,09:24:14",leo7.,#0,11,,
"2022-04-24,07:11:52",leo7.,#0,12,,
"2022-04-25,08:33:05",leo7.,#0,13,,
"2022-04-26,08:16:09",leo7.,#0,14,,
"2022-04-27,09:40:57",leo7.,#0,15,,
"2022-04-28,09:23:02",leo7.,#0,16,,
"2022-04-29,06:57:56",leo7.,#0,17,,
"2022-04-30,09:00:14",leo7.,#0,18,,
"2022-05-01,09:42:08",leo7.,#0,19,,
"2022-05-02,06:55:59",leo7.,#0,20,,
"2022-05-03,05:51:53",leo7.,#0,21,,
"2022-05-04,07:55:38",leo7.,#0,22,,
"2022-05-05,09:44:55",leo7.,#0,23,,
"2022-05-06,07:51:28",leo7.,#0,24,,
"2022-05-07,08:48:08",leo7.,#0,25,,
"2022-05-08,07:51:57",leo7.,#0,26,,
"2022-05-09,05:54:44",leo7.,#0,27,,
"2022-05-10,06:09:32",leo7.,#0,28,,
"2022-05-11,05:48:49",leo7.,#0,29,,
"2022-05-12,08:06:50",leo7.,#0,30,,
"2022-05-13,10:33:01",leo7.,#0,31,,
"2022-05-14,07:47:16",leo7.,#0,32,,
"2022-05-15,07:19:09",leo7.,#0,33,,
"2022-05-16,06:04:20",leo7.,#0,34,,
"2022-05-17,07:13:10",leo7.,#0,35,,
"2022-05-18,08:13:09",leo7.,#0,36,,
"2022-05-19,09:59:56",leo7.,#0,37,,
"2022-05-20,22:53:54",leo7.,#0,38,,
"2022-05-21,09:22:21",leo7.,#0,39,,
"2022-05-22,09:11:02",leo7.,#0,40,,
"2022-05-23,08:25:23",leo7.,#0,41,,
"2022-05-25,09:14:54",leo7.,#0,42,,
"2022-05-26,09:43:24",leo7.,#0,43,,
"2022-05-27,06:09:15",leo7.,#0,44,,
"2022-05-28,06:36:37",leo7.,#0,45,,
"2022-05-29,09:20:37",leo7.,#0,46,,
"2022-05-30,09:17:31",leo7.,#0,47,,
"2022-05-31,05:54:47",leo7.,#0,48,,
"2022-06-01,06:59:59",leo7.,#0,49,,
"2022-06-02,09:49:24",leo7.,#0,50,,
"2022-06-03,07:53:08",leo7.,#0,51,,
"2022-06-04,08:52:36",leo7.,#0,52,,
"2022-06-05,09:23:02",leo7.,#0,53,,
"2022-06-06,11:41:29",leo7.,#0,54,,
"2022-06-07,08:17:39",leo7.,#0,55,,
"2022-06-10,06:59:11",leo7.,#0,56,,
"2022-06-11,12:54:23",leo7.,#0,57,,
"2022-06-12,07:41:48",leo7.,#0,58,,
"2022-06-14,12:27:15",leo7.,#0,59,,
"2022-06-15,07:40:11",leo7.,#0,60,,
"2022-06-16,06:36:52",leo7.,#0,61,,
"2022-06-17,01:06:35",leo7.,#0,62,,
"2022-06-18,10:57:17",leo7.,#0,63,,
"2022-06-19,10:14:00",leo7.,#0,64,,
"2022-06-20,01:08:54",leo7.,#0,65,,
"2022-06-21,01:47:16",leo7.,#0,66,,
"2022-06-22,00:04:03",leo7.,#0,67,,
"2022-06-23,07:09:53",leo7.,#0,68,,
"2022-06-25,06:33:38",leo7.,#0,70,,
"2022-06-26,06:54:35",leo7.,#0,71,,
"2022-06-27,10:54:54",leo7.,#0,72,,
"2022-06-28,08:34:34",leo7.,#0,73,,
"2022-06-29,08:53:27",leo7.,#0,74,,
"2022-06-30,08:48:57",leo7.,#0,75,,
"2022-07-01,08:52:39",leo7.,#0,76,,
"2022-07-02,07:31:26",leo7.,#0,77,,
"2022-07-03,08:38:24",leo7.,#0,78,,
"2022-07-04,06:22:44",leo7.,#0,79,,
"2022-07-05,07:57:48",leo7.,#0,80,,
"2022-07-06,00:06:13",leo7.,#0,81,,
"2022-07-07,08:08:00",leo7.,#0,82,,
"2022-07-08,10:36:13",leo7.,#0,83,,
"2022-07-09,00:44:13",leo7.,#0,84,,
"2022-07-10,08:14:54",leo7.,#0,85,,
"2022-07-11,06:37:38",leo7.,#0,86,,
"2022-07-12,00:18:39",leo7.,#0,87,,
"2022-07-13,08:17:11",leo7.,#0,88,,
"2022-07-14,08:22:18",leo7.,#0,89,,
"2022-07-15,01:43:46",leo7.,#0,90,,
"2022-07-16,00:44:52",leo7.,#0,91,,
"2022-07-17,08:37:22",leo7.,#0,92,,
"2022-07-19,07:06:50",leo7.,#0,93,,
"2022-07-20,13:26:31",leo7.,#0,94,,
"2022-07-21,00:10:21",leo7.,#0,95,,
"2022-07-23,09:26:08",leo7.,#0,96,,
"2022-07-24,09:37:11",leo7.,#0,97,,
"2022-07-26,00:48:16",leo7.,#0,98,,
"2022-07-27,17:52:05",leo7.,#0,99,,
"2022-07-28,09:49:27",leo7.,#0,100,,
"2022-07-29,01:22:18",leo7.,#0,101,,
"2022-07-30,12:51:58",fameldin,#0,"Our whole universe was in a hot, dense state
Then nearly fourteen billion years ago expansion started, wait
The earth began to cool, the autotrophs began to drool
Neanderthals developed tools
We built a wall (we built the pyramids)
Math, science, history, unraveling the mysteries
That all started with the big bang (bang)",leo7.#0,
"2022-07-30,12:52:07",leo7.,#0,102,,
"2022-07-31,10:36:51",leo7.,#0,103,,
"2022-08-01,00:34:10",leo7.,#0,104,,
"2022-08-02,10:07:43",leo7.,#0,105,,
"2022-08-03,01:04:52",leo7.,#0,106,,
"2022-08-04,00:28:13",leo7.,#0,107,,
"2022-08-06,00:14:19",leo7.,#0,108,,
"2022-08-08,01:14:30",leo7.,#0,109,,
"2022-08-09,01:53:41",leo7.,#0,110,,
"2022-08-10,00:11:18",leo7.,#0,111,,
"2022-08-10,00:18:47",_tybg,#0,⏲️ 🐦 🪱,,
"2022-08-11,01:03:44",leo7.,#0,112,,
"2022-08-12,00:03:18",leo7.,#0,113,,
"2022-08-13,10:06:47",leo7.,#0,114,,
"2022-08-14,00:26:52",leo7.,#0,115,,
"2022-08-15,16:51:35",leo7.,#0,116,,
"2022-08-16,08:02:47",leo7.,#0,117,,
"2022-08-17,00:00:50",leo7.,#0,118,,
"2022-08-18,00:00:30",leo7.,#0,119,,
"2022-08-19,01:14:36",leo7.,#0,120,,
"2022-08-20,01:27:40",leo7.,#0,121,,
"2022-08-21,10:15:21",leo7.,#0,122,,
"2022-08-22,00:31:43",leo7.,#0,123,,
"2022-08-23,00:21:35",leo7.,#0,124,,
"2022-08-24,07:56:49",leo7.,#0,125,,
"2022-08-24,23:41:30",leo7.,#0,yo in for a treat,,
"2022-08-24,23:41:43",leo7.,#0,time ticks early today,,
"2022-08-24,23:41:46",leo7.,#0,126,,
"2022-08-26,00:45:19",leo7.,#0,127,,
"2022-08-27,00:49:31",leo7.,#0,128,,
"2022-08-28,01:20:22",leo7.,#0,129,,
"2022-08-29,00:00:26",leo7.,#0,130,,
"2022-08-30,03:00:32",leo7.,#0,131,,
"2022-08-31,07:47:49",leo7.,#0,132,,
"2022-09-01,00:33:36",leo7.,#0,133,,
"2022-09-02,00:17:24",leo7.,#0,134,,
"2022-09-03,10:52:17",leo7.,#0,135,,
"2022-09-04,11:07:02",leo7.,#0,136,,
"2022-09-05,00:31:15",leo7.,#0,137,,
"2022-09-06,01:28:31",leo7.,#0,138,,
"2022-09-07,08:53:42",leo7.,#0,139,,
"2022-09-08,01:22:09",leo7.,#0,140,,
"2022-09-09,01:37:34",leo7.,#0,141,,
"2022-09-10,01:08:24",leo7.,#0,142,,
"2022-09-11,00:16:46",leo7.,#0,143,,
"2022-09-13,09:31:49",leo7.,#0,144,,
"2022-09-14,08:30:25",leo7.,#0,145,,
"2022-09-15,00:08:57",leo7.,#0,146,,
"2022-09-16,00:00:12",leo7.,#0,147,,
"2022-09-17,01:02:52",leo7.,#0,148,,
"2022-09-19,14:29:16",leo7.,#0,149,,
"2022-09-20,02:16:03",leo7.,#0,150,,
"2022-09-22,10:28:55",leo7.,#0,151,,
"2022-09-23,02:18:40",leo7.,#0,152,,
"2022-09-24,02:01:38",leo7.,#0,153,,
"2022-09-25,11:26:18",leo7.,#0,154,,
"2022-09-26,12:26:16",leo7.,#0,155,,
"2022-09-27,13:34:19",leo7.,#0,156,,
"2022-09-28,02:59:50",leo7.,#0,157,,
"2022-09-29,07:02:41",leo7.,#0,158,,
"2022-09-30,06:01:55",leo7.,#0,159,,
"2022-10-01,01:34:29",leo7.,#0,160,,
"2022-10-02,11:03:14",leo7.,#0,161,,
"2022-10-03,20:33:11",leo7.,#0,162,,
"2022-10-04,12:34:08",leo7.,#0,163,,
"2022-10-05,01:20:30",leo7.,#0,164,,
"2022-10-06,02:24:19",leo7.,#0,165,,
"2022-10-07,11:54:41",leo7.,#0,166,,
"2022-10-09,07:35:44",leo7.,#0,167,,
"2022-10-10,07:36:27",leo7.,#0,168,,
"2022-10-11,02:13:58",leo7.,#0,169,,
"2022-10-12,09:55:51",leo7.,#0,170,,
"2022-10-13,04:50:23",leo7.,#0,171,,
"2022-10-14,03:26:28",leo7.,#0,172,,
"2022-10-15,03:15:10",leo7.,#0,173,,
"2022-10-16,03:11:05",leo7.,#0,174,,
"2022-10-17,02:03:20",leo7.,#0,175,,
"2022-10-18,01:41:27",leo7.,#0,176,,
"2022-10-19,01:24:55",leo7.,#0,177,,
"2022-10-20,11:00:26",leo7.,#0,178,,
"2022-10-21,11:27:54",leo7.,#0,179,,
"2022-10-22,13:05:01",laxaxl,#0,180,,
"2022-10-22,13:38:26",leo7.,#0,(Guest appearance),,
"2022-10-23,08:07:39",leo7.,#0,181,,
"2022-10-24,00:53:01",leo7.,#0,182,,
"2022-10-25,08:18:03",leo7.,#0,183,,
"2022-10-27,09:07:00",leo7.,#0,184,,
"2022-10-28,10:14:47",leo7.,#0,185,,
"2022-10-29,11:03:27",leo7.,#0,186,,
"2022-10-30,09:15:50",leo7.,#0,187,,
"2022-10-31,00:39:11",leo7.,#0,188,,
"2022-11-01,00:11:49",leo7.,#0,189,,
"2022-11-02,00:01:55",leo7.,#0,190,,
"2022-11-03,01:36:55",leo7.,#0,191,,
"2022-11-04,02:15:53",leo7.,#0,192,,
"2022-11-05,02:24:31",leo7.,#0,193,,
"2022-11-06,02:26:14",leo7.,#0,194,,
"2022-11-07,10:08:26",leo7.,#0,195,,
"2022-11-08,09:10:52",leo7.,#0,196,,
"2022-11-09,07:46:34",leo7.,#0,197,,
"2022-11-10,00:14:17",leo7.,#0,198,,
"2022-11-11,11:12:12",leo7.,#0,199,,
"2022-11-12,07:20:06",leo7.,#0,200,,
"2022-11-13,06:01:27",leo7.,#0,201,,
"2022-11-14,10:19:53",leo7.,#0,202,,
"2022-11-15,02:17:25",leo7.,#0,203,,
"2022-11-16,09:44:47",leo7.,#0,204,,
"2022-11-17,07:56:45",leo7.,#0,205,,
"2022-11-18,08:51:00",leo7.,#0,206,,
"2022-11-19,00:08:35",leo7.,#0,207,,
"2022-11-20,08:59:07",leo7.,#0,208,,
"2022-11-21,00:08:52",leo7.,#0,209,,
"2022-11-22,12:40:32",leo7.,#0,210,,
"2022-11-23,00:03:14",leo7.,#0,211,,
"2022-11-24,01:33:12",leo7.,#0,212,,
"2022-11-26,10:08:19",leo7.,#0,213,,
"2022-11-27,02:22:16",leo7.,#0,214,,
"2022-11-28,02:09:53",leo7.,#0,215,,
"2022-11-29,10:46:41",leo7.,#0,216,,
"2022-12-01,09:41:08",leo7.,#0,217,,
"2022-12-02,00:29:13",leo7.,#0,218,,
"2022-12-03,09:58:44",leo7.,#0,219,,
"2022-12-04,00:25:08",leo7.,#0,220,,
"2022-12-06,08:21:17",leo7.,#0,221,,
"2022-12-07,07:53:44",leo7.,#0,222,,
"2022-12-08,09:10:18",leo7.,#0,223,,
"2022-12-09,08:34:50",leo7.,#0,224,,
"2022-12-10,00:59:41",leo7.,#0,225,,
"2022-12-11,01:52:24",leo7.,#0,226,,
"2022-12-12,00:04:31",leo7.,#0,227,,
"2022-12-13,00:17:22",leo7.,#0,228,,
"2022-12-14,06:05:49",leo7.,#0,229,,
"2022-12-15,16:20:37",leo7.,#0,230,,
"2022-12-16,00:33:39",leo7.,#0,231,,
"2022-12-17,07:11:47",leo7.,#0,232,,
"2022-12-18,20:27:26",leo7.,#0,233,,
"2022-12-19,09:25:56",leo7.,#0,234,,
"2022-12-20,08:28:53",leo7.,#0,235,,
"2022-12-21,10:26:15",leo7.,#0,236,,
"2022-12-22,10:11:15",leo7.,#0,237,,
"2022-12-23,07:47:36",leo7.,#0,238,,
"2022-12-24,07:38:58",leo7.,#0,239,,
"2022-12-25,07:18:09",leo7.,#0,240,,
"2022-12-26,07:44:30",leo7.,#0,241,,
"2022-12-27,09:06:35",leo7.,#0,242,,
"2022-12-29,00:41:13",leo7.,#0,243,,
"2022-12-31,11:12:11",leo7.,#0,244,,
"2023-01-01,00:03:32",leo7.,#0,245,,
"2023-01-02,00:55:45",leo7.,#0,246,,
"2023-01-03,08:38:05",leo7.,#0,247,,
"2023-01-04,08:56:47",leo7.,#0,248,,
"2023-01-05,00:46:46",leo7.,#0,249,,
"2023-01-06,10:24:52",leo7.,#0,250,,
"2023-01-07,08:34:20",leo7.,#0,251,,
"2023-01-08,13:20:03",leo7.,#0,252,,
"2023-01-09,13:02:03",leo7.,#0,253,,
"2023-01-10,00:11:42",leo7.,#0,254,,
"2023-01-11,09:25:03",leo7.,#0,255,,
"2023-01-12,08:35:53",leo7.,#0,256,,
"2023-01-13,01:10:38",leo7.,#0,257,,
"2023-01-14,09:58:49",leo7.,#0,258,,
"2023-01-15,08:18:52",leo7.,#0,259,,
"2023-01-16,09:41:40",leo7.,#0,260,,
"2023-01-17,08:04:11",leo7.,#0,261,,
"2023-01-18,09:46:19",leo7.,#0,262,,
"2023-01-19,11:04:31",leo7.,#0,263,,
"2023-01-20,00:03:56",leo7.,#0,264,,
"2023-01-21,00:17:39",leo7.,#0,265,,
"2023-01-22,00:12:58",leo7.,#0,266,,
"2023-01-23,10:03:07",leo7.,#0,267,,
"2023-01-24,09:22:25",leo7.,#0,268,,
"2023-01-25,09:52:27",leo7.,#0,269,,
"2023-01-26,09:08:23",leo7.,#0,270,,
"2023-01-27,00:49:32",leo7.,#0,271,,
"2023-01-27,23:24:23",leo7.,#0,t197,,
"2023-01-28,09:05:33",leo7.,#0,272,,
"2023-01-29,09:25:51",leo7.,#0,273,,
"2023-01-30,10:37:22",leo7.,#0,274,,
"2023-01-31,08:35:29",leo7.,#0,275,,
"2023-02-01,08:45:53",leo7.,#0,276,,
"2023-02-02,08:14:11",leo7.,#0,277,,
"2023-02-03,10:39:23",leo7.,#0,278,,
"2023-02-04,08:25:54",leo7.,#0,279,,
"2023-02-05,09:43:02",leo7.,#0,280,,
"2023-02-06,00:00:09",leo7.,#0,281,,
"2023-02-07,09:00:58",leo7.,#0,282,,
"2023-02-09,08:55:12",leo7.,#0,283,,
"2023-02-10,07:54:32",leo7.,#0,284,,
"2023-02-11,00:01:17",leo7.,#0,285,,
"2023-02-12,09:13:22",leo7.,#0,286,,
"2023-02-13,22:49:33",leo7.,#0,287,,
"2023-02-14,00:49:14",leo7.,#0,288,,
"2023-02-15,09:37:08",leo7.,#0,289,,
"2023-02-16,00:10:43",leo7.,#0,290,,
"2023-02-17,00:30:27",leo7.,#0,291,,
"2023-02-18,10:06:27",leo7.,#0,292,,
"2023-02-19,06:01:43",leo7.,#0,293,,
"2023-02-20,00:56:16",leo7.,#0,294,,
"2023-02-21,09:41:52",leo7.,#0,295,,
"2023-02-22,07:06:25",leo7.,#0,296,,
"2023-02-23,09:24:46",leo7.,#0,297,,
"2023-02-24,09:40:36",leo7.,#0,298,,
"2023-02-25,08:51:17",leo7.,#0,299,,
"2023-02-26,08:12:37",leo7.,#0,300,,
"2023-02-27,07:14:46",leo7.,#0,301,,
"2023-02-28,00:48:41",leo7.,#0,302,,
"2023-03-01,14:57:19",leo7.,#0,303,,
"2023-03-02,02:24:01",leo7.,#0,304,,
"2023-03-03,08:06:41",leo7.,#0,305,,
"2023-03-04,08:41:01",leo7.,#0,306,,
"2023-03-05,00:40:16",leo7.,#0,307,,
"2023-03-06,09:00:34",leo7.,#0,308,,
"2023-03-07,08:43:07",leo7.,#0,309,,
"2023-03-08,10:07:16",leo7.,#0,310,,
"2023-03-09,13:44:51",leo7.,#0,311,,
"2023-03-10,00:52:21",leo7.,#0,312,,
"2023-03-11,10:08:54",leo7.,#0,313,,
"2023-03-12,10:22:01",leo7.,#0,314,,
"2023-03-13,02:29:51",leo7.,#0,315,,
"2023-03-14,09:49:28",leo7.,#0,316,,
"2023-03-15,00:52:54",leo7.,#0,317,,
"2023-03-16,06:52:19",leo7.,#0,318,,
"2023-03-18,23:41:10",leo7.,#0,319,,
"2023-03-19,08:24:03",leo7.,#0,320,,
"2023-03-20,09:29:03",leo7.,#0,321,,
"2023-03-21,06:55:28",leo7.,#0,322,,
"2023-03-22,00:07:12",leo7.,#0,323,,
"2023-03-23,09:12:41",leo7.,#0,324,,
"2023-03-24,08:27:11",leo7.,#0,325,,
"2023-03-25,09:40:34",leo7.,#0,326,,
"2023-03-26,07:31:22",leo7.,#0,327,,
"2023-03-29,10:45:38",leo7.,#0,328,,
"2023-03-30,07:51:47",leo7.,#0,329,,
"2023-03-31,00:30:55",leo7.,#0,330,,
"2023-04-01,08:10:07",leo7.,#0,331,,
"2023-04-02,19:04:39",leo7.,#0,332,,
"2023-04-03,07:05:31",leo7.,#0,334,,
"2023-04-04,09:37:28",leo7.,#0,335,,
"2023-04-05,06:46:48",leo7.,#0,336,,
"2023-04-06,09:21:22",leo7.,#0,337,,
"2023-04-07,13:59:28",leo7.,#0,338,,
"2023-04-08,07:46:01",leo7.,#0,339,,
"2023-04-09,07:45:35",leo7.,#0,340,,
"2023-04-10,09:08:03",leo7.,#0,341,,
"2023-04-11,08:31:26",leo7.,#0,342,,
"2023-04-12,09:24:43",leo7.,#0,343,,
"2023-04-13,08:28:10",leo7.,#0,344,,
"2023-04-14,12:36:24",leo7.,#0,345,,
"2023-04-15,08:15:03",leo7.,#0,346,,
"2023-04-16,07:17:12",leo7.,#0,347,,
"2023-04-17,08:44:14",leo7.,#0,348,,
"2023-04-18,09:39:34",leo7.,#0,349,,
"2023-04-19,07:47:43",leo7.,#0,350,,
"2023-04-20,09:17:10",leo7.,#0,351,,
"2023-04-21,07:54:47",leo7.,#0,352,,
"2023-04-22,08:35:46",leo7.,#0,353,,
"2023-04-23,07:12:58",leo7.,#0,354,,
"2023-04-24,21:58:20",leo7.,#0,355,,
"2023-04-25,01:21:18",leo7.,#0,356,,
"2023-04-26,10:38:43",leo7.,#0,357,,
"2023-04-27,08:42:27",leo7.,#0,358,,
"2023-04-28,08:53:47",leo7.,#0,359,,
"2023-04-30,08:15:16",leo7.,#0,360,,
"2023-05-01,12:11:19",leo7.,#0,361,,
"2023-05-02,00:09:48",leo7.,#0,362,,
"2023-05-03,09:17:37",leo7.,#0,363,,
"2023-05-04,03:33:31",leo7.,#0,364,,
"2023-05-04,10:34:34",leo7.,#0,365,jink0683#0,
"2023-05-04,10:38:01",jink0683,#0,real count: 386 days,,
"2023-05-06,08:39:17",leo7.,#0,366,,
"2023-05-07,01:43:51",leo7.,#0,367,,
"2023-05-08,12:02:43",leo7.,#0,368,,
"2023-05-09,01:09:26",leo7.,#0,369,,
"2023-05-10,07:43:54",leo7.,#0,370,,
"2023-05-11,11:49:11",leo7.,#0,371,,
"2023-05-12,07:55:19",leo7.,#0,372,,
"2023-05-13,12:15:24",leo7.,#0,373,,
"2023-05-14,11:52:20",leo7.,#0,374,,
"2023-05-15,09:35:38",leo7.,#0,375,,
"2023-05-16,09:11:12",leo7.,#0,376,,
"2023-05-17,10:03:09",leo7.,#0,377,,
"2023-05-18,08:49:38",leo7.,#0,378,,
"2023-05-19,09:39:03",leo7.,#0,379,,
"2023-05-20,09:30:34",leo7.,#0,380,,
"2023-05-21,09:29:16",leo7.,#0,381,,
"2023-05-23,08:45:33",leo7.,#0,382,,
"2023-05-24,07:19:47",leo7.,#0,383,,
"2023-05-25,09:57:54",leo7.,#0,384,,
"2023-05-26,09:50:30",leo7.,#0,385,,
"2023-05-27,00:22:06",leo7.,#0,386,,
"2023-05-28,09:47:04",leo7.,#0,387,,
"2023-05-29,09:54:27",leo7.,#0,388,,
"2023-05-30,00:20:38",leo7.,#0,389,,
"2023-05-31,01:07:15",leo7.,#0,390,,
"2023-06-02,08:36:43",leo7.,#0,391,,
"2023-06-03,09:15:19",leo7.,#0,392,,
"2023-06-05,11:19:53",leo7.,#0,393,,
"2023-06-06,08:14:24",leo7.,#0,394,,
"2023-06-07,06:46:53",leo7.,#0,395,,
"2023-06-08,10:32:11",leo7.,#0,396,,
"2023-06-10,00:01:18",leo7.,#0,397,,
"2023-06-11,07:56:39",leo7.,#0,398,,
"2023-06-12,08:55:14",leo7.,#0,399,,
"2023-06-13,11:01:39",leo7.,#0,400,,
"2023-06-14,10:04:54",leo7.,#0,401,,
"2023-06-15,09:57:17",leo7.,#0,402,,
"2023-06-16,09:53:49",leo7.,#0,403,,
"2023-06-17,20:07:38",leo7.,#0,404,,
"2023-06-18,08:57:33",leo7.,#0,405,,
"2023-06-19,08:30:06",leo7.,#0,406,,
"2023-06-20,01:29:51",leo7.,#0,407,,
"2023-06-20,05:37:36",trent5483,#0,1:29…,,
"2023-06-21,08:37:54",leo7.,#0,408,,
"2023-06-22,01:01:27",leo7.,#0,409,,
"2023-06-23,07:55:04",leo7.,#0,410,,
"2023-06-24,08:34:14",leo7.,#0,411,,
"2023-06-25,06:25:10",leo7.,#0,412,,
"2023-06-26,07:22:51",leo7.,#0,413,,
"2023-06-27,08:16:47",leo7.,#0,414,,
"2023-06-28,07:46:57",leo7.,#0,415,,
"2023-07-01,05:32:37",leo7.,#0,416,,
"2023-07-03,07:05:24",leo7.,#0,417,,
"2023-07-03,07:58:52",jink0683,#0,forgetful,,
"2023-07-04,00:40:29",leo7.,#0,418,,
"2023-07-05,09:18:05",leo7.,#0,419,,
"2023-07-06,01:19:43",leo7.,#0,420,,
"2023-07-06,11:14:32",_tybg,#0,https://tenor.com/view/roll-spin-twirl-dance-snoop-dog-gif-11171568,,
"2023-07-07,07:46:01",leo7.,#0,421,,
"2023-07-08,00:53:54",leo7.,#0,422,,
"2023-07-09,09:29:01",leo7.,#0,423,,
"2023-07-10,11:06:43",leo7.,#0,424,,
"2023-07-11,08:46:09",leo7.,#0,425,,
"2023-07-12,13:18:04",leo7.,#0,426,,
"2023-07-14,00:48:31",leo7.,#0,427,,
"2023-07-15,11:52:33",leo7.,#0,428,,
"2023-07-16,02:08:46",leo7.,#0,429,,
"2023-07-17,10:13:22",leo7.,#0,430,,
"2023-07-18,09:36:21",leo7.,#0,431,,
"2023-07-19,19:24:08",leo7.,#0,432,,
"2023-07-20,07:19:17",leo7.,#0,433,,
"2023-07-20,20:36:55",fameldin,#0,thats nuts,,
"2023-07-20,20:37:30",fameldin,#0,this is actually crazy,leo7.#0,
"2023-07-20,20:37:46",fameldin,#0,comp forgot abt this channel,,
"2023-07-21,08:25:21",leo7.,#0,434,,
"2023-07-22,07:53:31",leo7.,#0,435,,
"2023-07-23,00:51:52",laxaxl,#0,https://tenor.com/view/wolf-wolves-wilderness-wild-wolf-growl-gif-5611742,,
"2023-07-23,00:52:03",laxaxl,#0,FUCK THIS STUPID ASS CHANNEL,,
"2023-07-23,09:21:55",leo7.,#0,436,,
"2023-07-24,09:19:14",leo7.,#0,437,,
"2023-07-25,08:46:31",leo7.,#0,438,,
"2023-07-26,08:07:23",leo7.,#0,439,,
"2023-07-27,09:56:08",leo7.,#0,440,,
"2023-07-28,08:20:03",leo7.,#0,441,,
"2023-07-29,08:44:26",leo7.,#0,442,,
"2023-07-30,00:40:10",leo7.,#0,443,,
"2023-07-31,11:45:32",leo7.,#0,444,,
"2023-08-01,01:55:25",leo7.,#0,445,,
"2023-08-02,00:31:26",leo7.,#0,446,,
"2023-08-03,10:23:26",leo7.,#0,447,,
"2023-08-04,10:11:26",leo7.,#0,448,,
"2023-08-05,01:13:41",leo7.,#0,449,,
"2023-08-06,05:25:09",leo7.,#0,450,,
"2023-08-07,13:32:55",leo7.,#0,451,,
"2023-08-08,01:24:45",leo7.,#0,452,,
"2023-08-09,11:59:27",leo7.,#0,453,,
"2023-08-11,10:07:13",leo7.,#0,454,,
"2023-08-12,23:09:27",leo7.,#0,455,,
"2023-08-13,08:39:29",leo7.,#0,456,,
"2023-08-13,10:40:01",jink0683,#0,what <:Hmmm:1081672705662795836>,,
"2023-08-14,00:44:31",leo7.,#0,457,,
"2023-08-15,05:41:11",leo7.,#0,458,,
"2023-08-15,05:46:30",trent5483,#0,<:YusufMischievousGlance:916035021574385704>,,
"2023-08-16,06:14:51",leo7.,#0,459,,
"2023-08-17,06:34:48",leo7.,#0,460,,
"2023-08-18,07:30:46",leo7.,#0,461,,
"2023-08-19,06:29:53",leo7.,#0,462,,
"2023-08-20,08:20:46",leo7.,#0,463,,
"2023-08-21,07:41:09",leo7.,#0,464,,
"2023-08-22,09:17:13",leo7.,#0,465,,
"2023-08-23,09:24:16",leo7.,#0,466,,
"2023-08-24,08:43:49",leo7.,#0,467,,
"2023-08-25,22:44:27",leo7.,#0,468,,
"2023-08-26,08:56:19",leo7.,#0,469,,
"2023-08-27,15:02:47",leo7.,#0,470,,
"2023-08-28,08:21:46",leo7.,#0,471,,
"2023-08-30,00:08:56",leo7.,#0,472,,
"2023-08-31,10:27:57",leo7.,#0,473,,
"2023-09-01,10:56:04",leo7.,#0,474,,
"2023-09-02,10:21:25",leo7.,#0,475,,
"2023-09-04,01:35:21",leo7.,#0,476,,
"2023-09-05,13:12:52",leo7.,#0,477,,
"2023-09-06,21:52:08",leo7.,#0,478,,
"2023-09-07,22:07:46",leo7.,#0,479,,
"2023-09-08,07:55:15",leo7.,#0,480,,
"2023-09-10,18:40:19",leo7.,#0,481,,
"2023-09-11,11:40:19",leo7.,#0,482,,
"2023-09-12,14:21:16",leo7.,#0,483,,
"2023-09-13,14:59:10",leo7.,#0,484,,
"2023-09-14,13:29:56",leo7.,#0,485,,
"2023-09-15,12:31:54",leo7.,#0,486,,
"2023-09-16,08:00:02",leo7.,#0,487,,
"2023-09-17,08:26:15",leo7.,#0,488,,
"2023-09-18,06:21:40",leo7.,#0,489,,
"2023-09-19,19:16:40",leo7.,#0,490,,
"2023-09-20,13:33:29",leo7.,#0,491,,
"2023-09-21,09:08:53",leo7.,#0,492,,
"2023-09-22,22:33:03",leo7.,#0,493,,
"2023-09-24,23:26:33",leo7.,#0,494,,
"2023-09-25,09:13:20",leo7.,#0,495,,
"2023-09-26,08:39:42",leo7.,#0,496,,
"2023-09-27,09:50:43",leo7.,#0,497,,
"2023-09-28,07:09:36",leo7.,#0,498,,
"2023-09-29,06:40:38",leo7.,#0,499,,
"2023-09-30,07:48:44",leo7.,#0,500,,
"2023-10-01,12:03:11",leo7.,#0,501,,
"2023-10-02,09:04:33",leo7.,#0,502,,
"2023-10-03,16:47:50",leo7.,#0,503,,
"2023-10-04,05:42:01",leo7.,#0,504,,
"2023-10-05,07:41:38",leo7.,#0,505,,
"2023-10-06,07:38:11",leo7.,#0,506,,
"2023-10-07,12:33:29",leo7.,#0,507,,
"2023-10-08,07:54:55",leo7.,#0,508,,
"2023-10-09,08:00:24",leo7.,#0,509,,
"2023-10-10,07:34:47",leo7.,#0,510,,
"2023-10-11,06:31:38",leo7.,#0,511,,
"2023-10-12,11:42:11",leo7.,#0,512,,
"2023-10-13,11:01:06",leo7.,#0,513,,
"2023-10-14,07:41:18",leo7.,#0,514,,
"2023-10-15,08:03:07",leo7.,#0,515,,
"2023-10-16,08:38:10",leo7.,#0,516,,
"2023-10-17,07:51:13",leo7.,#0,517,,
"2023-10-18,07:56:53",leo7.,#0,518,,
"2023-10-19,06:37:03",leo7.,#0,519,,
"2023-10-21,20:14:38",leo7.,#0,520,,
"2023-10-22,08:57:52",leo7.,#0,521,,
"2023-10-23,06:55:49",leo7.,#0,522,,
"2023-10-24,10:50:33",leo7.,#0,523,,
"2023-10-25,13:58:41",leo7.,#0,524,,
"2023-10-26,11:05:57",leo7.,#0,525,,
"2023-10-27,13:48:33",leo7.,#0,526,,
"2023-10-28,08:20:21",leo7.,#0,527,,
"2023-10-29,21:53:49",leo7.,#0,528,,
"2023-10-30,09:44:31",leo7.,#0,529,,
"2023-10-31,20:39:51",leo7.,#0,530,,
"2023-11-01,11:23:45",leo7.,#0,531,,
"2023-11-02,22:29:24",leo7.,#0,532,,
"2023-11-03,06:43:59",leo7.,#0,532,,
"2023-11-04,19:19:10",leo7.,#0,533,,
"2023-11-05,07:59:26",leo7.,#0,534,,
"2023-11-06,07:19:53",leo7.,#0,535,,
"2023-11-07,16:46:30",leo7.,#0,536,,
"2023-11-08,17:02:35",leo7.,#0,537,,
"2023-11-09,22:53:30",leo7.,#0,538,,
"2023-11-10,07:06:02",leo7.,#0,539,,
"2023-11-11,08:49:31",leo7.,#0,540,,
"2023-11-12,21:05:16",leo7.,#0,541,,
"2023-11-14,09:54:05",leo7.,#0,542,,
"2023-11-15,08:16:49",leo7.,#0,543,,
"2023-11-16,08:58:10",leo7.,#0,544,,
"2023-11-17,08:01:11",leo7.,#0,545,,
"2023-11-18,23:42:39",leo7.,#0,546,,
"2023-11-19,08:59:41",leo7.,#0,547,,
"2023-11-21,23:30:30",leo7.,#0,548,,
"2023-11-22,15:25:10",leo7.,#0,549,,
"2023-11-23,06:11:02",leo7.,#0,550,,
"2023-11-24,09:46:09",leo7.,#0,551,,
"2023-11-26,00:09:06",leo7.,#0,552,,
"2023-11-27,16:54:03",leo7.,#0,553,,
"2023-11-28,22:16:46",leo7.,#0,554,,
"2023-11-29,14:18:19",leo7.,#0,555,,
"2023-11-30,08:19:59",leo7.,#0,556,,
"2023-12-01,07:17:20",leo7.,#0,557,,
"2023-12-02,17:17:38",leo7.,#0,558,,
"2023-12-03,06:55:33",leo7.,#0,559,,
"2023-12-04,13:18:15",leo7.,#0,560,,
"2023-12-05,10:38:04",leo7.,#0,561,,
"2023-12-07,08:46:51",leo7.,#0,562,,
"2023-12-08,07:25:40",leo7.,#0,563,,
"2023-12-09,11:57:24",leo7.,#0,564,,
"2023-12-10,07:51:22",leo7.,#0,565,,
"2023-12-11,23:42:05",leo7.,#0,566,,
"2023-12-12,09:50:49",leo7.,#0,567,,
"2023-12-14,07:44:33",leo7.,#0,568,,
"2023-12-15,07:34:39",leo7.,#0,569,,
"2023-12-16,10:01:52",leo7.,#0,570,,
"2023-12-17,20:43:15",leo7.,#0,571,,
"2023-12-18,09:13:16",leo7.,#0,572,,
"2023-12-19,06:47:34",leo7.,#0,573,,
"2023-12-20,10:37:53",leo7.,#0,574,,
"2023-12-21,23:48:19",leo7.,#0,575,,
"2023-12-22,10:05:14",leo7.,#0,576,,
"2023-12-23,16:13:55",leo7.,#0,577,,
"2023-12-24,08:53:49",leo7.,#0,578,,
"2023-12-25,18:52:34",leo7.,#0,579,,
"2023-12-26,07:22:29",leo7.,#0,580,,
"2023-12-27,08:42:39",leo7.,#0,581,,
"2023-12-31,07:17:20",leo7.,#0,582,,
"2024-01-01,07:06:40",leo7.,#0,583,,
"2024-01-02,10:19:20",leo7.,#0,584,,
"2024-01-03,21:28:23",leo7.,#0,585,,
"2024-01-04,08:44:51",leo7.,#0,586,,
"2024-01-05,09:44:47",leo7.,#0,587,,
"2024-01-06,20:34:54",leo7.,#0,588,,
"2024-01-07,00:13:29",leo7.,#0,589,,
"2024-01-08,09:57:57",leo7.,#0,590,,
"2024-01-09,07:07:08",leo7.,#0,591,,
"2024-01-10,07:21:07",leo7.,#0,592,,
"2024-01-11,07:44:22",leo7.,#0,593,,
"2024-01-12,08:30:28",leo7.,#0,594,,
"2024-01-13,10:31:08",leo7.,#0,595,,
"2024-01-14,08:06:02",leo7.,#0,596,,
"2024-01-15,07:45:13",leo7.,#0,597,,
"2024-01-16,07:14:08",leo7.,#0,598,,
"2024-01-17,08:12:29",leo7.,#0,599,,
"2024-01-18,07:57:01",leo7.,#0,600,,
"2024-01-19,10:01:42",leo7.,#0,601,,
"2024-01-20,08:16:51",leo7.,#0,602,,
"2024-01-21,13:47:50",leo7.,#0,603,,
"2024-01-22,07:29:25",leo7.,#0,604,,
"2024-01-23,07:40:05",leo7.,#0,605,,
"2024-01-24,08:20:50",leo7.,#0,606,,
"2024-01-25,06:30:29",leo7.,#0,607,,
"2024-01-26,08:41:15",leo7.,#0,608,,
"2024-01-27,11:19:24",leo7.,#0,609,,
"2024-01-28,09:17:07",leo7.,#0,610,,
"2024-01-29,06:53:49",leo7.,#0,611,,
"2024-01-29,19:33:13",laxaxl,#0,I'm deleting this stupid ass channel <:AngryJohnLekven:1137590194900586536>,,
"2024-01-29,20:10:45",jink0683,#0,no theres so much history! (sunk cost fallacy),,
"2024-01-29,21:37:10",laxaxl,#0,Shut up nerd <:AngryJohnLekven:1137590194900586536>,,
"2024-01-30,06:27:41",leo7.,#0,612,,
"2024-01-31,07:50:17",leo7.,#0,613,,
"2024-02-01,08:42:09",leo7.,#0,614,,
"2024-02-02,07:49:29",leo7.,#0,615,,
"2024-02-03,10:18:29",leo7.,#0,616,,
"2024-02-04,20:28:16",leo7.,#0,617,,
"2024-02-05,07:53:14",leo7.,#0,618,,
"2024-02-07,06:02:26",leo7.,#0,619,,
"2024-02-08,09:22:37",leo7.,#0,620,,
"2024-02-09,07:42:51",leo7.,#0,621,,
"2024-02-10,08:05:10",leo7.,#0,622,,
"2024-02-11,08:34:55",leo7.,#0,623,,
"2024-02-12,09:31:20",leo7.,#0,624,,
"2024-02-13,22:34:05",leo7.,#0,625,,
"2024-02-14,06:23:57",leo7.,#0,626,,
"2024-02-15,08:43:55",leo7.,#0,627,,
"2024-02-16,07:11:00",leo7.,#0,628,,
"2024-02-17,00:09:26",leo7.,#0,629,,
"2024-02-18,06:38:37",leo7.,#0,630,,
"2024-02-19,07:25:16",leo7.,#0,631,,
"2024-02-20,07:30:55",leo7.,#0,632,,
"2024-02-21,07:33:20",leo7.,#0,633,,
"2024-02-22,06:04:30",leo7.,#0,634,,
"2024-02-23,13:13:01",leo7.,#0,635,,
"2024-02-24,09:31:08",leo7.,#0,636,,
"2024-02-25,07:06:27",leo7.,#0,637,,
"2024-02-26,06:28:30",leo7.,#0,638,,
"2024-02-26,18:21:01",fameldin,#0,powerful,leo7.#0,
"2024-02-27,10:52:45",leo7.,#0,639,,
"2024-02-28,07:43:20",leo7.,#0,640,,
"2024-02-29,07:58:23",leo7.,#0,641,,
"2024-03-01,07:54:09",leo7.,#0,642,,
"2024-03-02,11:08:19",leo7.,#0,643,,
"2024-03-03,10:35:20",leo7.,#0,644,,
"2024-03-04,11:05:04",leo7.,#0,645,,
"2024-03-04,17:19:40",fameldin,#0,,,https://cdn.discordapp.com/attachments/963897874624696410/1214381786893783080/maxresdefault.jpg?ex=68b8e92c&is=68b797ac&hm=ea9a1ee22e860799ac02763c5c0dfd22d9378f9d3053073fa463eb8e5feeb9f5&
"2024-03-05,08:11:06",leo7.,#0,646,,
"2024-03-06,19:27:32",leo7.,#0,647,,
"2024-03-07,09:32:36",leo7.,#0,648,,
"2024-03-08,14:22:11",leo7.,#0,649,,
"2024-03-09,11:32:40",leo7.,#0,650,,
"2024-03-10,08:54:57",leo7.,#0,651,,
"2024-03-11,06:11:16",leo7.,#0,652,,
"2024-03-12,09:17:53",leo7.,#0,653,,
"2024-03-13,07:42:50",leo7.,#0,654,,
"2024-03-14,07:49:55",leo7.,#0,655,,
"2024-03-15,07:54:34",leo7.,#0,656,,
"2024-03-16,07:18:01",leo7.,#0,657,,
"2024-03-17,21:33:26",leo7.,#0,658,,
"2024-03-18,10:31:26",leo7.,#0,659,,
"2024-03-19,18:11:44",leo7.,#0,660,,
"2024-03-20,06:14:29",leo7.,#0,661,,
"2024-03-21,08:11:48",leo7.,#0,662,,
"2024-03-22,11:16:49",leo7.,#0,663,,
"2024-03-23,08:20:53",leo7.,#0,664,,
"2024-03-24,06:22:10",leo7.,#0,665,,
"2024-03-25,08:09:37",leo7.,#0,666,,
"2024-03-26,07:57:52",leo7.,#0,667,,
"2024-03-27,07:12:50",leo7.,#0,668,,
"2024-03-28,06:22:44",leo7.,#0,669,,
"2024-03-29,06:51:34",leo7.,#0,670,,
"2024-03-30,07:24:20",leo7.,#0,671,,
"2024-03-31,08:03:39",leo7.,#0,672,,
"2024-04-01,06:45:29",leo7.,#0,673,,
"2024-04-02,05:47:38",leo7.,#0,674,,
"2024-04-03,06:58:15",leo7.,#0,675,,
"2024-04-04,07:40:52",leo7.,#0,676,,
"2024-04-05,07:59:28",leo7.,#0,677,,
"2024-04-06,00:26:27",leo7.,#0,678,,
"2024-04-07,21:17:54",leo7.,#0,679,,
"2024-04-08,12:27:36",leo7.,#0,680,,
"2024-04-09,06:30:27",leo7.,#0,681,,
"2024-04-10,15:52:10",leo7.,#0,682,,
"2024-04-11,11:08:01",leo7.,#0,683,,
"2024-04-12,06:27:15",leo7.,#0,684,,
"2024-04-12,13:42:15",_tybg,#0,You're annoying,,
"2024-04-13,08:13:50",leo7.,#0,685,,
"2024-04-14,10:45:02",leo7.,#0,686,,
"2024-04-15,17:32:25",leo7.,#0,687,,
"2024-04-16,11:02:45",leo7.,#0,688,,
"2024-04-17,08:00:05",leo7.,#0,689,,
"2024-04-19,07:38:47",leo7.,#0,690,,
"2024-04-20,07:47:52",leo7.,#0,691,,
"2024-04-21,08:25:08",leo7.,#0,692,,
"2024-04-22,07:50:04",leo7.,#0,693,,
"2024-04-23,06:11:28",leo7.,#0,694,,
"2024-04-24,06:19:31",leo7.,#0,695,,
"2024-04-25,11:02:03",leo7.,#0,696,,
"2024-04-26,22:52:36",leo7.,#0,697,,
"2024-04-27,08:54:13",leo7.,#0,698,,
"2024-04-28,08:58:56",leo7.,#0,699,,
"2024-04-29,19:47:15",leo7.,#0,700,,
"2024-04-30,12:07:19",leo7.,#0,701,,
"2024-05-01,07:47:05",leo7.,#0,702,,
"2024-05-02,10:33:15",leo7.,#0,703,,
"2024-05-03,06:17:48",leo7.,#0,704,,
"2024-05-04,09:19:44",leo7.,#0,705,,
"2024-05-05,09:29:31",leo7.,#0,706,,
"2024-05-06,21:51:44",leo7.,#0,707,,
"2024-05-08,06:16:35",leo7.,#0,708,,
"2024-05-09,11:08:34",leo7.,#0,709,,
"2024-05-10,06:15:35",leo7.,#0,710,,
"2024-05-11,07:37:19",leo7.,#0,711,,
"2024-05-12,10:06:53",leo7.,#0,712,,
"2024-05-13,07:42:33",leo7.,#0,713,,
"2024-05-14,08:29:02",leo7.,#0,714,,
"2024-05-15,10:00:01",leo7.,#0,715,,
"2024-05-16,06:47:42",leo7.,#0,716,,
"2024-05-17,05:51:19",leo7.,#0,717,,
"2024-05-18,23:28:54",leo7.,#0,718,,
"2024-05-19,00:43:51",leo7.,#0,719,,
"2024-05-20,09:35:29",leo7.,#0,720,,
"2024-05-21,22:42:29",leo7.,#0,721,,
"2024-05-22,09:42:41",leo7.,#0,722,,
"2024-05-24,06:21:38",leo7.,#0,723,,
"2024-05-25,07:12:00",leo7.,#0,724,,
"2024-05-26,08:44:21",leo7.,#0,725,,
"2024-05-27,21:14:28",leo7.,#0,726,,
"2024-05-28,17:58:59",leo7.,#0,727,,
"2024-05-29,21:26:05",leo7.,#0,728,,
"2024-05-31,19:21:44",leo7.,#0,729,,
"2024-06-01,07:08:37",leo7.,#0,730,,
"2024-06-02,20:17:00",leo7.,#0,731,,
"2024-06-06,13:34:05",leo7.,#0,732,,
"2024-06-06,13:34:21",jink0683,#0,not a good look,,
"2024-06-07,11:56:29",leo7.,#0,733,,
"2024-06-08,17:06:29",leo7.,#0,734,,
"2024-06-10,08:23:19",leo7.,#0,735,,
"2024-06-11,17:37:48",leo7.,#0,736,,
"2024-06-12,23:54:20",leo7.,#0,737,,
"2024-06-13,00:09:15",leo7.,#0,738,,
"2024-06-14,07:23:30",leo7.,#0,739,,
"2024-06-15,11:14:49",leo7.,#0,740,,
"2024-06-16,08:39:35",leo7.,#0,741,,
"2024-06-17,16:30:10",leo7.,#0,742,,
"2024-06-18,18:51:41",leo7.,#0,743,,
"2024-06-19,14:17:55",leo7.,#0,744,,
"2024-06-20,08:40:34",leo7.,#0,745,,
"2024-06-21,10:58:12",leo7.,#0,746,,
"2024-06-22,22:26:43",leo7.,#0,747,,
"2024-06-23,21:27:29",leo7.,#0,748,,
"2024-06-24,11:32:25",leo7.,#0,749,,
"2024-06-25,14:13:19",leo7.,#0,750,,
"2024-06-26,19:31:43",leo7.,#0,751,,
"2024-06-27,09:04:16",leo7.,#0,752,,
"2024-06-29,07:12:20",leo7.,#0,753,,
"2024-06-30,08:23:04",leo7.,#0,754,,
"2024-07-01,22:04:43",leo7.,#0,755,,
"2024-07-02,11:36:12",laxaxl,#0,https://tenor.com/view/time-to-party-dance-alarm-clock-gif-14649382,,
"2024-07-02,11:50:41",leo7.,#0,756,,
"2024-07-03,12:01:43",leo7.,#0,757,,
"2024-07-04,09:44:03",leo7.,#0,758,,
"2024-07-05,19:06:49",leo7.,#0,759,,
"2024-07-07,17:40:33",leo7.,#0,760,,
"2024-07-08,12:52:31",leo7.,#0,761,,
"2024-07-09,20:56:23",leo7.,#0,762,,
"2024-07-10,08:59:57",leo7.,#0,763,,
"2024-07-11,19:33:32",leo7.,#0,764,,
"2024-07-13,11:27:13",leo7.,#0,765,,
"2024-07-14,11:02:47",leo7.,#0,766,,
"2024-07-15,19:51:03",leo7.,#0,767,,
"2024-07-19,13:42:54",laxaxl,#0,"bro not only is procrastinating on his homework, but also procrastinating on the monkey clock",leo7.#0,
"2024-07-19,13:43:12",laxaxl,#0,disappointing <:TaylanISFP:916035024116121660>,,
"2024-07-19,13:56:35",leo7.,#0,768,,
"2024-07-20,19:44:18",leo7.,#0,769,,
"2024-07-21,22:55:51",leo7.,#0,770,,
"2024-07-22,20:09:58",leo7.,#0,771,,
"2024-07-23,17:31:59",leo7.,#0,772,,
"2024-07-25,20:13:43",leo7.,#0,773,,
"2024-07-26,09:39:33",leo7.,#0,774,,
"2024-07-27,20:48:57",leo7.,#0,775,,
"2024-07-28,12:23:29",leo7.,#0,776,,
"2024-07-29,15:37:34",leo7.,#0,777,,
"2024-07-31,16:32:02",leo7.,#0,778,,
"2024-08-02,10:07:00",leo7.,#0,779,,
"2024-08-03,17:21:36",leo7.,#0,780,,
"2024-08-04,15:53:51",leo7.,#0,781,,
"2024-08-06,11:09:45",leo7.,#0,782,,
"2024-08-07,08:11:53",leo7.,#0,783,,
"2024-08-08,10:57:21",leo7.,#0,784,,
"2024-08-09,11:06:06",leo7.,#0,785,,
"2024-08-10,09:14:03",leo7.,#0,786,,
"2024-08-11,11:17:56",leo7.,#0,787,,
"2024-08-12,23:42:37",leo7.,#0,788,,
"2024-08-13,12:22:11",leo7.,#0,789,,
"2024-08-14,07:54:05",leo7.,#0,790,,
"2024-08-15,08:04:57",leo7.,#0,791,,
"2024-08-16,10:04:15",leo7.,#0,792,,
"2024-08-17,09:43:46",leo7.,#0,793,,
"2024-08-18,00:08:16",leo7.,#0,794,,
"2024-08-19,09:05:51",leo7.,#0,795,,
"2024-08-20,14:59:59",leo7.,#0,796,,
"2024-08-21,06:14:35",leo7.,#0,797,,
"2024-08-22,08:38:29",leo7.,#0,798,,
"2024-08-24,09:28:59",leo7.,#0,799,,
"2024-08-26,18:00:40",leo7.,#0,800,,
"2024-08-27,09:49:01",leo7.,#0,801,,
"2024-08-28,07:31:44",leo7.,#0,802,,
"2024-08-29,21:37:22",leo7.,#0,803,,
"2024-08-30,22:35:20",leo7.,#0,804,,
"2024-08-31,09:27:25",leo7.,#0,805,,
"2024-09-01,18:30:39",leo7.,#0,806,,
"2024-09-02,12:59:02",leo7.,#0,807,,
"2024-09-03,07:36:24",leo7.,#0,808,,
"2024-09-04,11:26:58",leo7.,#0,809,,
"2024-09-05,10:58:26",leo7.,#0,810,,
"2024-09-06,08:22:37",leo7.,#0,811,,
"2024-09-09,08:35:45",leo7.,#0,812,,
"2024-09-10,18:02:10",leo7.,#0,813,,
"2024-09-11,13:30:55",leo7.,#0,814,,
"2024-09-12,11:18:41",leo7.,#0,815,,
"2024-09-13,13:19:36",leo7.,#0,816,,
"2024-09-14,09:34:18",leo7.,#0,817,,
"2024-09-15,09:52:01",leo7.,#0,818,,
"2024-09-16,10:57:54",leo7.,#0,819,,
"2024-09-17,11:03:53",leo7.,#0,820,,
"2024-09-18,12:33:51",leo7.,#0,821,,
"2024-09-19,13:58:56",leo7.,#0,822,,
"2024-09-20,13:11:08",leo7.,#0,823,,
"2024-09-21,18:49:23",leo7.,#0,824,,
"2024-09-22,09:07:13",leo7.,#0,825,,
"2024-09-23,18:34:00",leo7.,#0,826,,
"2024-09-24,08:47:50",leo7.,#0,827,,
"2024-09-25,07:13:07",leo7.,#0,828,,
"2024-09-26,09:01:14",leo7.,#0,829,,
"2024-09-27,21:26:52",leo7.,#0,830,,
"2024-09-28,12:28:22",leo7.,#0,831,,
"2024-09-29,09:03:54",leo7.,#0,832,,
"2024-09-30,10:54:10",leo7.,#0,833,,
"2024-10-01,11:01:28",leo7.,#0,834,,
"2024-10-03,07:56:34",leo7.,#0,835,,
"2024-10-04,10:53:20",leo7.,#0,836,,
"2024-10-05,21:41:32",leo7.,#0,837,,
"2024-10-06,09:05:51",leo7.,#0,838,,
"2024-10-07,09:10:41",leo7.,#0,839,,
"2024-10-07,11:16:51",fameldin,#0,server deletion at 1000 ? 🤯  👀,,
"2024-10-08,17:00:28",leo7.,#0,840,,
"2024-10-09,21:08:02",leo7.,#0,841,,
"2024-10-10,11:58:04",leo7.,#0,842,,
"2024-10-12,07:28:59",leo7.,#0,843,,
"2024-10-13,08:24:39",leo7.,#0,844,,
"2024-10-14,09:23:39",leo7.,#0,845,,
"2024-10-15,00:01:46",leo7.,#0,846,,
"2024-10-16,10:49:25",leo7.,#0,847,,
"2024-10-17,16:46:17",leo7.,#0,848,,
"2024-10-18,11:48:16",leo7.,#0,849,,
"2024-10-19,17:26:13",leo7.,#0,850,,
"2024-10-21,11:29:36",leo7.,#0,851,,
"2024-10-22,10:56:48",leo7.,#0,852,,
"2024-10-23,14:05:31",leo7.,#0,853,,
"2024-10-24,09:40:50",leo7.,#0,854,,
"2024-10-26,15:42:15",leo7.,#0,855,,
"2024-10-27,10:47:58",leo7.,#0,856,,
"2024-10-28,10:40:19",fameldin,#0,<@229298624280920064> <@308726682918060033> thoughts on a data visualization of missed days in this channel?,trent5483#0、leo7.#0,
"2024-10-28,10:40:30",fameldin,#0,the results may be surprising !,,
"2024-10-28,10:49:34",leo7.,#0,I'd love to see this,fameldin#0,
"2024-10-28,10:49:47",leo7.,#0,Also,,
"2024-10-28,10:49:51",leo7.,#0,857,,
"2024-10-28,10:50:09",trent5483,#0,something something minard,,
"2024-10-28,10:51:34",leo7.,#0,Over/under on missing days?,,
"2024-10-29,17:53:18",leo7.,#0,858,,
"2024-10-30,20:19:13",leo7.,#0,859,,
"2024-10-31,22:58:53",leo7.,#0,860,,
"2024-11-01,11:27:41",leo7.,#0,861,,
"2024-11-02,13:20:59",leo7.,#0,862,,
"2024-11-03,13:57:25",leo7.,#0,863,,
"2024-11-04,00:19:07",leo7.,#0,864,,
"2024-11-05,07:44:02",leo7.,#0,865,,
"2024-11-06,09:43:12",leo7.,#0,866,,
"2024-11-07,13:07:27",leo7.,#0,867,,
"2024-11-08,23:25:27",leo7.,#0,868,,
"2024-11-09,12:54:12",leo7.,#0,869,,
"2024-11-10,12:44:01",leo7.,#0,870,,
"2024-11-11,06:16:36",fameldin,#0,uhoh,,
"2024-11-11,06:17:02",trent5483,#0,What’s going to happen Yusuf???,,
"2024-11-11,06:17:20",trent5483,#0,3 days away from 873…,,
"2024-11-11,08:34:25",leo7.,#0,871,,
"2024-11-12,08:17:46",leo7.,#0,872,,
"2024-11-13,16:15:19",fameldin,#0,you'll see today,trent5483#0,
"2024-11-13,17:05:53",leo7.,#0,874 <:TaylanTrollface:961694271335972924>,,
"2024-11-14,07:58:47",leo7.,#0,875,,
"2024-11-15,18:35:03",leo7.,#0,876,,
"2024-11-16,08:26:00",leo7.,#0,877,,
"2024-11-17,14:39:48",leo7.,#0,878,,
"2024-11-18,09:02:57",leo7.,#0,879,,
"2024-11-19,12:11:49",leo7.,#0,880,,
"2024-11-21,11:50:06",leo7.,#0,881,,
"2024-11-22,13:04:54",leo7.,#0,882,,
"2024-11-24,11:44:28",leo7.,#0,883,,
"2024-11-25,09:24:13",leo7.,#0,884,,
"2024-11-26,14:40:43",leo7.,#0,885,,
"2024-11-27,09:31:11",leo7.,#0,886,,
"2024-11-28,19:51:23",leo7.,#0,887,,
"2024-11-29,19:57:27",leo7.,#0,888,,
"2024-12-01,11:48:46",leo7.,#0,889,,
"2024-12-02,01:11:18",leo7.,#0,890,,
"2024-12-03,13:06:09",leo7.,#0,891,,
"2024-12-04,08:30:16",leo7.,#0,892,,
"2024-12-05,08:51:35",leo7.,#0,893,,
"2024-12-06,10:06:42",leo7.,#0,894,,
"2024-12-07,11:56:42",leo7.,#0,895,,
"2024-12-08,18:09:19",leo7.,#0,896,,
"2024-12-09,23:11:43",leo7.,#0,897,,
"2024-12-11,09:59:04",fameldin,#0,898,,
"2024-12-11,09:59:06",fameldin,#0,899,,
"2024-12-12,08:57:03",fameldin,#0,900,,
"2024-12-12,08:57:11",fameldin,#0,🥳,,
"2024-12-13,01:04:24",fameldin,#0,901,,
"2024-12-13,02:31:12",fameldin,#0,I'd like to hand things back to Leo,,
"2024-12-13,02:31:21",fameldin,#0,But this was fun,,
"2024-12-13,02:31:26",fameldin,#0,<:Classy:1020815553578946560>,,
"2024-12-14,08:08:31",leo7.,#0,902,,
"2024-12-16,01:54:39",leo7.,#0,903,,
"2024-12-16,10:40:55",leo7.,#0,....,,
"2024-12-16,10:41:05",fameldin,#0,"erm ""..."" is not the number that succeeds 903",,
"2024-12-16,10:41:15",fameldin,#0,also you're early,,
"2024-12-17,12:30:30",fameldin,#0,https://tenor.com/view/atat%C3%BCrk-mka-t%C3%BCrkiyem-t%C3%BCrkl-t%C3%BCrk-gif-18256315,,
"2024-12-17,13:35:12",leo7.,#0,904,,
"2024-12-18,08:49:47",leo7.,#0,905,,
"2024-12-19,10:35:02",leo7.,#0,906,,
"2024-12-19,12:10:48",fameldin,#0,9OK,,
"2024-12-20,07:46:29",leo7.,#0,907,,
"2024-12-21,15:06:38",laxaxl,#0,this is concerning.... will it happen?,fameldin#0,
"2024-12-21,15:06:56",leo7.,#0,908,,
"2024-12-21,15:08:05",fameldin,#0,Wait 92 days and see,laxaxl#0,
"2024-12-21,15:09:17",laxaxl,#0,<:JohnCarnalDesireHorror:1041582487282921482>,,
"2024-12-22,15:03:47",leo7.,#0,909,,
"2024-12-23,10:35:27",leo7.,#0,910,,
"2024-12-24,15:27:57",leo7.,#0,911,,
"2024-12-25,01:06:33",fameldin,#0,"911, What's your emergency?",leo7.#0,
"2024-12-25,07:31:51",leo7.,#0,912,,
"2024-12-26,10:04:01",fameldin,#0,913,,
"2024-12-27,09:22:33",leo7.,#0,914,,
"2024-12-28,01:46:07",leo7.,#0,915,,
"2024-12-29,11:14:42",leo7.,#0,916,,
"2024-12-30,11:18:05",leo7.,#0,917,,
"2024-12-31,08:36:45",leo7.,#0,918,,
"2025-01-01,00:07:19",leo7.,#0,919,,
"2025-01-02,09:06:16",leo7.,#0,920,,
"2025-01-03,08:35:17",leo7.,#0,921,,
"2025-01-04,09:33:42",leo7.,#0,922,,
"2025-01-05,07:15:13",leo7.,#0,923,,
"2025-01-06,08:14:54",leo7.,#0,924,,
"2025-01-07,08:23:31",leo7.,#0,925,,
"2025-01-08,07:37:50",leo7.,#0,926,,
"2025-01-09,06:08:11",leo7.,#0,927,,
"2025-01-10,07:52:47",leo7.,#0,928,,
"2025-01-11,06:59:56",leo7.,#0,929,,
"2025-01-12,10:14:53",fameldin,#0,930 <:Slime:1267685583631814771>,,
"2025-01-12,10:15:08",fameldin,#0,70 days to go <:Hope:1306760060420231178>,,
"2025-01-13,05:44:39",leo7.,#0,931,,
"2025-01-14,03:25:48",fameldin,#0,932,,
"2025-01-14,03:25:52",fameldin,#0,big stuff incoming...,,
"2025-01-15,05:53:11",leo7.,#0,933,,
"2025-01-16,10:01:38",leo7.,#0,934,,
"2025-01-17,00:23:55",leo7.,#0,935,,
"2025-01-18,08:02:41",leo7.,#0,936,,
"2025-01-19,11:56:01",leo7.,#0,937,,
"2025-01-20,09:38:23",leo7.,#0,938,,
"2025-01-21,10:49:14",leo7.,#0,939,,
"2025-01-22,06:14:44",leo7.,#0,940,,
"2025-01-22,21:53:21",laxaxl,#0,60 more days,,
"2025-01-22,21:53:31",laxaxl,#0,the end is near,,
"2025-01-22,21:53:35",laxaxl,#0,<:JohnCarnalDesireHorror:1041582487282921482>,,
"2025-01-23,10:20:50",leo7.,#0,941,,
"2025-01-24,07:44:36",leo7.,#0,942,,
"2025-01-25,08:35:28",leo7.,#0,943,,
"2025-01-26,07:02:35",leo7.,#0,944,,
"2025-01-27,07:13:45",leo7.,#0,945,,
"2025-01-28,06:17:26",leo7.,#0,946,,
"2025-01-29,08:51:38",leo7.,#0,947,,
"2025-01-30,06:38:33",leo7.,#0,948,,
"2025-01-31,10:09:56",leo7.,#0,949,,
"2025-02-02,08:11:34",leo7.,#0,950,,
"2025-02-03,04:54:03",leo7.,#0,951,,
"2025-02-04,05:22:52",fameldin,#0,952,,
"2025-02-05,06:31:57",leo7.,#0,953,,
"2025-02-06,06:15:01",leo7.,#0,954,,
"2025-02-07,06:04:28",leo7.,#0,955,,
"2025-02-08,12:45:28",leo7.,#0,956,,
"2025-02-10,09:33:11",leo7.,#0,967,,
"2025-02-11,11:22:51",leo7.,#0,968,,
"2025-02-12,09:09:05",leo7.,#0,969,,
"2025-02-12,13:29:30",laxaxl,#0,31 more days... the end is near 💀,,
"2025-02-13,07:10:55",leo7.,#0,970,,
"2025-02-14,08:51:52",leo7.,#0,971,,
"2025-02-15,07:30:49",leo7.,#0,972,,
"2025-02-16,11:44:58",leo7.,#0,973,,
"2025-02-17,08:37:09",leo7.,#0,974,,
"2025-02-18,08:26:16",leo7.,#0,975,,
"2025-02-19,18:30:11",leo7.,#0,976,,
"2025-02-20,14:05:41",leo7.,#0,977,,
"2025-02-21,18:46:51",leo7.,#0,978,,
"2025-02-22,12:24:14",leo7.,#0,979,,
"2025-02-23,08:19:06",leo7.,#0,980,,
"2025-02-25,08:57:00",leo7.,#0,981,,
"2025-02-26,14:10:27",leo7.,#0,982,,
"2025-02-26,16:45:31",fameldin,#0,: ),,
"2025-02-27,08:05:19",leo7.,#0,983,,
"2025-02-27,09:47:13",fameldin,#0,: ),,
"2025-02-28,09:19:30",leo7.,#0,984,,
"2025-03-01,07:00:45",leo7.,#0,985,,
"2025-03-02,20:53:49",leo7.,#0,986,,
"2025-03-03,07:52:58",leo7.,#0,987,,
"2025-03-04,23:00:36",leo7.,#0,988,,
"2025-03-05,12:54:18",leo7.,#0,989,,
"2025-03-06,09:09:28",leo7.,#0,990,,
"2025-03-08,07:53:01",leo7.,#0,991,,
"2025-03-08,09:27:25",fameldin,#0,9 more days,,
"2025-03-10,20:12:43",leo7.,#0,992,,
"2025-03-11,08:33:05",leo7.,#0,993,,
"2025-03-12,07:53:38",leo7.,#0,994,,
"2025-03-13,10:43:20",leo7.,#0,995,,
"2025-03-14,22:46:02",leo7.,#0,996,,
"2025-03-15,22:30:20",leo7.,#0,997,,
"2025-03-16,10:52:17",leo7.,#0,998,,
"2025-03-17,12:01:12",leo7.,#0,999,,
"2025-03-17,12:01:40",jink0683,#0,https://tenor.com/view/its-happening-gif-23353691,,
"2025-03-17,12:34:20",laxaxl,#0,https://tenor.com/view/oh-my-god-its-happening-ok-stay-calm-the-office-gif-6091046,,
"2025-03-17,16:27:31",_tybg,#0,What if i,,
"2025-03-17,16:27:36",_tybg,#0,Deleted this channel,,
"2025-03-17,16:27:44",_tybg,#0,At exactly 11:59 pm,,
"2025-03-17,21:41:27",laxaxl,#0,potential server wipe in 3 hours,,
"2025-03-17,21:41:40",laxaxl,#0,⚠️ this is not a drill ⚠️,,
"2025-03-17,21:41:57",laxaxl,#0,https://tenor.com/view/the-simpsons-homer-apocalypse-the-end-is-near-gif-7204885,,
"2025-03-17,21:45:17",jink0683,#0,wrong. nothing ever happens,,
"2025-03-17,21:51:33",laxaxl,#0,we will see.,,
"2025-03-17,23:03:52",_tybg,#0,Impending doom,,
"2025-03-18,09:01:05",leo7.,#0,1000,,
"2025-03-18,09:01:25",leo7.,#0,,,https://cdn.discordapp.com/attachments/963897874624696410/1351586301996044479/RDT_20250306_124246778092770218984149.jpg?ex=68b90f15&is=68b7bd95&hm=cf4a6b868a116cf3189d684b8ea28cb2b4bff6bc4cb3c73759fe2ce62c845f58&
"2025-03-19,08:42:16",leo7.,#0,1001,,
"2025-03-20,09:02:07",leo7.,#0,1002,,
"2025-03-21,10:28:28",leo7.,#0,1003,,
"2025-03-21,11:28:56",_tybg,#0,Alexa play 1000 years by Christina Perri,,
"2025-03-22,08:36:29",leo7.,#0,1004,,
"2025-03-22,08:38:11",leo7.,#0,Lukas Graham remix: Once I was 1000 years old!!,_tybg#0,
"2025-03-23,10:08:32",leo7.,#0,1005,,
"2025-03-24,22:41:38",leo7.,#0,1006,,
"2025-03-25,16:14:30",leo7.,#0,1007,,
"2025-03-26,22:25:43",leo7.,#0,1008,,
"2025-03-27,10:11:50",leo7.,#0,1009,,
"2025-03-28,09:02:03",leo7.,#0,1010,,
"2025-03-29,18:24:23",leo7.,#0,1011,,
"2025-03-31,12:57:34",leo7.,#0,1012,,
"2025-04-01,13:06:42",leo7.,#0,1013,,
"2025-04-03,21:47:40",leo7.,#0,1014,,
"2025-04-03,21:50:28",jink0683,#0,2 missed days within a week... not good. possible early-onset dementia symptom,,
"2025-04-04,08:04:25",leo7.,#0,1015,,
"2025-04-05,10:46:39",leo7.,#0,1016,,
"2025-04-07,13:23:08",leo7.,#0,1017,,
"2025-04-09,13:20:21",leo7.,#0,1018,,
"2025-04-10,09:08:55",leo7.,#0,1019,,
"2025-04-11,13:55:13",leo7.,#0,1020,,
"2025-04-12,09:50:39",leo7.,#0,1021,,
"2025-04-13,08:59:36",leo7.,#0,1022,,
"2025-04-14,09:23:33",leo7.,#0,1023,,
"2025-04-15,00:04:44",leo7.,#0,1024,,
"2025-04-15,00:05:09",_tybg,#0,Cube root of 1024,,
"2025-04-16,08:34:09",leo7.,#0,1025,,
"2025-04-17,21:57:43",leo7.,#0,1026,,
"2025-04-18,09:09:04",leo7.,#0,1027,,
"2025-04-19,09:25:59",leo7.,#0,1028,,
"2025-04-20,10:47:26",leo7.,#0,1029,,
"2025-04-21,14:16:37",leo7.,#0,1030,,
"2025-04-22,12:36:00",leo7.,#0,1031,,
"2025-04-23,12:55:45",leo7.,#0,1032,,
"2025-04-24,09:55:15",leo7.,#0,1033,,
"2025-04-25,14:42:56",leo7.,#0,1034,,
"2025-04-26,11:48:02",leo7.,#0,1035,,
"2025-04-27,09:33:16",leo7.,#0,1036,,
"2025-04-29,18:45:26",leo7.,#0,1037,,
"2025-05-01,10:18:55",leo7.,#0,1038,,
"2025-05-02,13:04:31",leo7.,#0,1039,,
"2025-05-03,00:12:44",leo7.,#0,1040,,
"2025-05-05,09:22:59",leo7.,#0,1041,,
"2025-05-06,08:16:15",leo7.,#0,1042,,
"2025-05-07,21:01:37",leo7.,#0,1043,,
"2025-05-08,06:06:55",leo7.,#0,1044,,
"2025-05-09,06:36:23",leo7.,#0,1045,,
"2025-05-13,10:14:19",leo7.,#0,1046,,
"2025-05-13,10:43:47",_tybg,#0,4 days 2 late,,
"2025-05-15,01:28:29",laxaxl,#0,https://tenor.com/view/where-you-at-gif-21177622,,
"2025-05-15,01:28:32",laxaxl,#0,where time,,
"2025-05-15,11:43:16",leo7.,#0,1047,,
"2025-05-16,10:20:29",leo7.,#0,1048,,
"2025-05-17,08:02:04",leo7.,#0,1049,,
"2025-05-18,13:46:07",leo7.,#0,1050,,
"2025-05-19,10:01:34",leo7.,#0,1051,,
"2025-05-21,07:46:54",leo7.,#0,1052,,
"2025-05-23,13:09:55",leo7.,#0,1053,,
"2025-05-24,10:53:52",leo7.,#0,1054,,
"2025-05-25,17:21:18",leo7.,#0,1055,,
"2025-05-26,09:59:38",leo7.,#0,1056,,
"2025-05-27,12:31:22",leo7.,#0,1057,,
"2025-05-29,14:12:01",leo7.,#0,1058,,
"2025-05-30,23:17:48",leo7.,#0,1059,,
"2025-06-01,09:53:33",leo7.,#0,1060,,
"2025-06-03,10:06:47",leo7.,#0,1061,,
"2025-06-04,13:20:38",leo7.,#0,1062,,
"2025-06-05,20:02:10",leo7.,#0,1063,,
"2025-06-07,09:01:30",leo7.,#0,1064,,
"2025-06-11,14:17:26",laxaxl,#0,https://tenor.com/view/spongebob-squarepants-spongebob-panic-chaos-fire-gif-4920941,,
"2025-06-11,14:17:29",laxaxl,#0,where is time,,
"2025-06-15,09:28:34",leo7.,#0,1065,,
"2025-06-17,21:43:05",leo7.,#0,1066,,
"2025-06-18,15:06:04",leo7.,#0,1067,,
"2025-06-19,11:06:12",leo7.,#0,1068,,
"2025-06-20,11:12:17",leo7.,#0,1069,,
"2025-06-21,20:47:07",leo7.,#0,1070,,
"2025-06-22,12:02:38",leo7.,#0,1071,,
"2025-06-23,23:12:03",leo7.,#0,1072,,
"2025-06-24,13:10:06",leo7.,#0,1073,,
"2025-06-25,08:14:57",leo7.,#0,1074,,
"2025-06-26,09:48:39",leo7.,#0,1075,,
"2025-06-27,22:47:54",leo7.,#0,1076,,
"2025-06-28,09:25:45",leo7.,#0,1077,,
"2025-06-30,08:48:30",leo7.,#0,1078,,
"2025-07-01,20:41:44",leo7.,#0,1079,,
"2025-07-02,20:01:15",leo7.,#0,1080,,
"2025-07-03,10:08:47",leo7.,#0,1081,,
"2025-07-04,23:34:14",leo7.,#0,1082,,
"2025-07-05,16:16:48",leo7.,#0,1083,,
"2025-07-07,10:54:07",leo7.,#0,1084,,
"2025-07-08,22:11:31",leo7.,#0,1085,,
"2025-07-09,08:59:55",leo7.,#0,1086,,
"2025-07-10,15:40:38",leo7.,#0,1087,,
"2025-07-11,10:06:53",leo7.,#0,1088,,
"2025-07-12,14:58:54",leo7.,#0,1089,,
"2025-07-14,09:49:36",leo7.,#0,1090,,
"2025-07-16,15:13:02",leo7.,#0,1091,,
"2025-07-17,10:36:38",leo7.,#0,1092,,
"2025-07-18,15:08:29",leo7.,#0,1093,,
"2025-07-19,22:44:21",leo7.,#0,1094,,
"2025-07-21,14:54:04",laxaxl,#0,what will happen at 2000 <:Uncanny:1391494111915282603>,,
"2025-07-21,15:06:34",jink0683,#0,nothing ever happens,,
"2025-07-21,16:51:43",leo7.,#0,1095,,
"2025-07-22,17:59:35",leo7.,#0,1096,,
"2025-07-23,11:53:13",leo7.,#0,1097,,
"2025-07-24,22:04:11",leo7.,#0,1098,,
"2025-07-25,10:23:19",leo7.,#0,1099,,
"2025-07-26,18:55:14",leo7.,#0,1100,,
"2025-07-27,09:23:03",leo7.,#0,1101,,
"2025-07-27,16:25:57",_tybg,#0,Guys when we reach 2028 it will also be the year 2028 I'm so excited but even more interesting is that day 67 was September 2*7*   2022 67 67 67 67 67 67 67 67 MANGOMANGO MANGO MANGO <:Uncanny:1391494111915282603><:Uncanny:1391494111915282603> <:Uncanny:1391494111915282603>  🥭 🥭 🥭,,
"2025-07-27,22:06:35",laxaxl,#0,,,
"2025-07-28,07:16:04",leo7.,#0,1102,,
"2025-07-29,08:49:42",leo7.,#0,1103,,
"2025-07-30,08:54:02",leo7.,#0,1104,,
"2025-07-31,07:26:15",leo7.,#0,1105,,
"2025-08-01,08:57:32",leo7.,#0,1106,,
"2025-08-02,09:34:45",leo7.,#0,1107,,
"2025-08-03,08:27:36",leo7.,#0,1108,,
"2025-08-04,09:51:55",leo7.,#0,1109,,
"2025-08-05,09:52:00",leo7.,#0,1110,,
"2025-08-06,06:27:10",leo7.,#0,1111,,
"2025-08-07,15:29:37",leo7.,#0,1112,,
"2025-08-10,15:11:08",leo7.,#0,1113,,
"2025-08-11,12:07:05",laxaxl,#0,brah,,
"2025-08-11,12:07:18",laxaxl,#0,missed 3 days,,
"2025-08-11,12:07:26",laxaxl,#0,https://tenor.com/view/adventure-time-unacceptable-earl-of-lemongrab-no-watermark-gif-27371438,,
"2025-08-12,18:50:06",leo7.,#0,1114,,
"2025-08-13,08:25:50",leo7.,#0,1115,,
"2025-08-14,12:32:25",leo7.,#0,1116,,
"2025-08-15,13:08:59",leo7.,#0,1117,,
"2025-08-16,08:23:40",leo7.,#0,1118,,
"2025-08-17,09:44:36",leo7.,#0,1119,,
"2025-08-18,08:47:54",fameldin,#0,1120,,
"2025-08-19,07:47:45",leo7.,#0,1121,,
"2025-08-20,06:51:40",leo7.,#0,1122,,
"2025-08-21,06:55:00",leo7.,#0,1123,,
"2025-08-22,09:04:35",leo7.,#0,1124,,
"2025-08-24,16:39:40",leo7.,#0,1125,,
"2025-08-25,10:28:58",leo7.,#0,1126,,
"2025-08-26,10:35:12",leo7.,#0,1127,,
"2025-08-27,11:11:15",leo7.,#0,1128,,
"2025-08-28,09:27:43",leo7.,#0,1129,,
"2025-08-29,07:36:48",leo7.,#0,1130,,
"2025-08-30,14:07:10",leo7.,#0,1131,,
"2025-08-31,16:09:46",leo7.,#0,1132,,
"2025-09-01,09:10:36",leo7.,#0,1133,,
